name,phone,address,website,rating,reviews,place_id
Parker & Sons,(602) 424-9619,"3636 E Anne St A, Phoenix, AZ 85040, USA",https://www.parkerandsons.com/?utm_campaign=gmb_pk-phx_home_cus-all_googlebusinessprofile&utm_medium=gmb&utm_source=google,4.7,33820,ChIJh9Zo0KoPK4cRzTwhKAxIE8s
"Day & Night Air Conditioning, Heating, & Plumbing",(602) 584-7758,"3669 E La Salle St, Phoenix, AZ 85040, USA",https://www.dayandnightair.com/?utm_source=gmb&utm_medium=local&utm_campaign=phoenix-az,4.9,9466,ChIJmaAujXcNK4cRhAXQO7SXvGw
Desert Diamond Air Cooling & Heating,(623) 246-2377,"16602 N 25th Ave, Phoenix, AZ 85023, USA",https://desertdiamondhvac.com/residential/air-conditioning-repair/?utm_source=google&utm_medium=gmb&utm_campaign=phoenix&se_campaign=Google%20My%20Business%20-%20Clicked%20to%20Website,4.9,2480,ChIJq6qqqppxK4cRsF80JJDpm0w
Goettl Air Conditioning and Plumbing - Phoenix AZ,(602) 517-0039,"4611 E Baseline Rd, Phoenix, AZ 85042, USA",https://www.goettl.com/location/phoenix-arizona/?utm_source=Google&utm_medium=GMB&utm_campaign=PHX.GMB_Google_Business_Profile,4.7,14070,ChIJm2mOVdoOK4cRX23E2bR0XG8
Ideal Air Conditioning and Insulation,(480) 573-7604,"4127 E University Dr, Phoenix, AZ 85034, USA",https://www.idealairaz.com/?utm_campaign=gmb&utm_medium=organic&utm_source=gmb,4.9,1431,ChIJVVVVVREGK4cRMCvCmmg3zG4
Benefit Air Conditioning,(602) 840-9229,"1315 W Indian School Rd, Phoenix, AZ 85013, USA",http://www.benefitair.com/,4.9,722,ChIJT6Jz6j4MK4cRnKm9sj6lxtI
"Rite Way Heating, Cooling & Plumbing: Phoenix",(480) 725-8510,"1320 W Boxwood Ave, Gilbert, AZ 85233, USA",https://ritewayac.com/phoenix/,4.9,5146,ChIJj2pEmkCoK4cRnK8uaULXClw
Semper Fi Heating and Cooling,(480) 741-1440,"1335 S Clearview Ave, Mesa, AZ 85209, USA",https://www.semperfiheatingcooling.com/?utm_source=GBPMesa,4.8,12259,ChIJ5Qzr7mKxK4cRBW5km2KzbFU
APES HVAC & Plumbing,(623) 521-1172,"2222 W Parkside Ln STE 105, Phoenix, AZ 85027, USA",https://go4apes.com/,4.9,2565,ChIJw1lsJvppK4cRVtfJYqZsfbc
Scottsdale Air Heating & Cooling,(602) 834-2160,"4747 E Thomas Rd STE F, Phoenix, AZ 85018, USA",https://www.scottsdaleair.com/,4.9,445,ChIJlzlFE_cMK4cR0RUC2ynarq4
North Valley Mechanical HVAC & Plumbing,(602) 975-4247,"2110 W Greenway Rd, Phoenix, AZ 85023, USA",https://northvalleymechanical.com/,4.9,1355,ChIJdz-W0ax7K4cRH6iUH03G93M
George Brazil Air Conditioning & Heating,(602) 649-1374,"2655 E Magnolia St #200, Phoenix, AZ 85034, USA",https://georgebrazilhvac.com/?utm_source=google&utm_medium=gbp,4.7,5268,ChIJFVd68EcOK4cRB3AntTdAeSY
AZ Perfect Comfort Heating & Cooling,(602) 858-8261,"20650 N 29th Pl STE 104, Phoenix, AZ 85050, USA",https://azperfectcomfort.com/?utm_source=gbp&utm_medium=organic,4.9,761,ChIJoVDRRZRvK4cRQZE81NHqO8k
Alaskan Air Conditioning & Heating,(602) 529-5555,"2428 W Campus Dr, Tempe, AZ 85282, USA",https://www.alaskanac.com/?utm_source=google-gbp&utm_medium=organic&utm_campaign=*574*alaskan-air-tempe,4.7,2704,ChIJRTnuv1AIK4cRCO5DDhfs6AE
SG Mechanical Heating & Air,(623) 777-9577,"1725 W Williams Dr, Phoenix, AZ 85027, USA",https://www.sgmechanicalair.com/,4.9,430,ChIJh8g4MPZBK4cRY9-fxB7OPLs
"ACE Cooling, Heating, Plumbing and Electrical",(602) 830-2365,"5029 E Sunrise Dr, Phoenix, AZ 85044, USA",https://acehomeaz.com/areas-served/phoenix-az/?utm_source=google-gbp&utm_medium=organic&utm_campaign=*9*ace-home-services-phoenix,4.7,6973,ChIJ1TqXDgsPK4cRjmNCS3whYqI
Island Breeze Air Conditioning & Heating LLC,(623) 692-6013,"809 E Fairmount Ave, Phoenix, AZ 85014, USA",https://islandbreeze-ac.com/,4.9,619,ChIJiUEK-FpPK4cRULTP40-eZeo
Promise Heating & Air,(602) 363-0230,"2010 N 22nd Ave, Phoenix, AZ 85009, USA",http://promiseheatingandair.com/?utm_campaign=gmb,5.0,235,ChIJK8EYwOYkQQsR1VDnJ_3lbzQ
Supreme Comfort LLC,(623) 400-6615,"2900 E Adams St, Phoenix, AZ 85034, USA",https://supremecomfortaz.com/,4.9,204,ChIJveClqWZ7jQkRZIacFee8rF0
Preferred Air,(602) 622-9851,,https://preferredairaz.com/,4.9,434,ChIJzYFG90QXK4cRnQ4eVXOvNM8
Same Day Air Repair,(602) 571-1728,"1006 W Adams St, Phoenix, AZ 85007, USA",https://samedayairrepair.com/,4.8,1816,ChIJT79J-KqvK4cRohAf5Gu8o4k
On Time HVAC Phoenix,(602) 483-6183,"26 E Pima St, Phoenix, AZ 85003, USA",https://ontimehvacphoenix.com/,5.0,14,ChIJ_7Ox0JERK4cRn9Hyi3X7LIk
AccuTemp Refrigeration,(602) 957-3745,"3231 E Washington St, Phoenix, AZ 85034, USA",https://accutempaz.com/,4.7,105,ChIJl734eXoOK4cRhrC8yGzXkjs
Desert Breeze Phoenix HVAC Repair,(480) 684-2355,"5651 N 7th St, Phoenix, AZ 85014, USA",https://desertbreezeclimatecontrolphoenix.com/,5.0,10,ChIJedOTMcwTK4cRlbZY8f3sbS0
ACE Home Services (formerly Hero Home Services),(833) 247-6926,"409 E Watkins St, Phoenix, AZ 85004, USA",https://acehomeaz.com/areas-served/phoenix-az/?utm_source=google-gbp&utm_medium=organic&utm_campaign=*225*ace-home-services-phoenix,4.9,603,ChIJKyM5akoRK4cRzCLfU8p5Ngk
WISE Cooling & Heating,(480) 575-6077,,http://www.wisecoolingandheating.com/,5.0,395,ChIJ0fAP-uV7K4cRJLFwccGlS6M
Air Lily,(480) 525-3600,"3901 S Central Ave, Phoenix, AZ 85040, USA",https://airlily.com/schedule/,5.0,18,ChIJ-1vlfvvwqgYRIo96AdJxqbw
Cold Stinger Heating And Air Conditioning Phoenix Arizona,(623) 521-6448,"1720 E Wood St, Phoenix, AZ 85040, USA",https://coldstingerheatingandairconditioning.com/,4.9,37,ChIJnyZl7XoRK4cRbyarnwI3774
"Patrick Riley | Isley's Cooling, Heating, Plumbing, & Electrical",(602) 638-2465,"1850 E Watkins St, Phoenix, AZ 85034, USA",https://patrickrileyservices.com/?utm_source=google&utm_medium=gbp,4.7,1489,ChIJkzo1KSIOK4cRaj5HI2zMOvQ
Way Cool Plumbing & Air,(480) 462-3843,"2328 E Van Buren St Ste 121, Phoenix, AZ 85006, USA",http://www.callwaycool.com/,4.9,720,ChIJfY7Ku6VNKocRnovI17t0e9Y
Your Phoenix HVAC Contractor,(602) 753-4851,"2740 E Marguerite Ave, Phoenix, AZ 85040, USA",https://www.heatingcoolingphoenix.com/?utm_source=google&utm_medium=google-profile&utm_campaign=gmb,5.0,26,ChIJJWKJj3IPK4cRMANUNWstuBk
Bright HVAC Repair Phoenix,(520) 339-6524,"1222 Grand Ave, Phoenix, AZ 85007, USA",http://brighthvacrepairphoenix.com/,5.0,3,ChIJrfRMJwATK4cRfcbAA1NzyO8
Your Phoenix HVAC,(480) 426-9664,"15677 N Cave Creek Rd, Phoenix, AZ 85032, USA",https://yourphoenixhvac.net/?utm_source=google&utm_medium=google-profile&utm_id=gmb,5.0,36,ChIJq6o9XfFxK4cRWnYdPb0q4I4
Heath's Air LLC,(480) 470-7777,"555 W 2nd Ave B2, Mesa, AZ 85210, USA",https://www.heathsair.com/?utm_source=gmb&utm_medium=organic&utm_campaign=tmg,4.9,288,ChIJH14L802pK4cRRvVMB0hY5Sc
Desert Heroes HVAC,(602) 299-7774,"814 W Rose Ln, Phoenix, AZ 85013, USA",https://desertheroeshvac.com/,5.0,61,ChIJR3x7fgBtK4cRXQjaZ2mqMUY
Expert HVAC Services Inc,(623) 594-2488,"23650 N 35th Dr #120, Glendale, AZ 85310, USA",https://www.experthvacservices.com/,4.9,411,ChIJg4xodQlmK4cRbYxf1MGxFmE
ProSkill Services,(623) 233-2865,"4215 W Fortune Dr, Anthem, AZ 85086, USA",https://proskillservices.com/?utm_source=google&utm_medium=gmb&utm_campaign=PRO_ORG_EVER_A_GBP_Listing_Anthem,5.0,8894,ChIJowc5PRCeLIcRzA_jI6ngUxA
American Home Water and Air,(833) 240-9781,"4600 E Washington St # 300, Phoenix, AZ 85034, USA",https://americanhomewater.com/,4.9,440,ChIJ3ekoI7MPK4cRuzmWJed0Ew4
Ready HVAC Repair Phoenix,(520) 339-6512,"1513 W Roosevelt St, Phoenix, AZ 85007, USA",http://readyhvacrepairphoenix.com/,5.0,3,ChIJH-djCQATK4cRlMlODemG-Hs
HVAC Comfort Supply,(602) 755-1962,"4433 W Van Buren St Suite 2, Phoenix, AZ 85043, USA",https://hvacdepotaz.com/,5.0,35,ChIJW76vKtwVK4cRcxPKkR9MndU
"1st Choice Plumbing, Air & Insulation",(623) 292-3697,"23309 N 17th Dr STE 116, Phoenix, AZ 85027, USA",https://1stchoicemechanicalaz.com/air-conditioning-phoenix-az/,4.9,1195,ChIJTaOiBWRdK4cRyFafGmcQLzA
American Home Water & Air,(602) 726-1448,"2030 W Desert Cove Ave, Phoenix, AZ 85029, USA",https://americanhomewater.com/,4.9,3031,ChIJC8g1aPtuK4cR480eeJc5gGU
AirTime Cooling and Heating,(480) 776-7993,"1540 S Gilbert Rd, Mesa, AZ 85204, USA",https://airtimeaz.com/?utm_source=google&utm_medium=organic&utm_campaign=gbp_mesa,4.9,1721,ChIJD6wwOUWqK4cRnQyR6SDncng
Gladiate Air Conditioning & Heating LLC,(623) 249-4536,"21424 N 7th Ave, Phoenix, AZ 85027, USA",https://gladiateair.com/?y_source=1_OTc0MzE2NS03MTUtbG9jYXRpb24ud2Vic2l0ZQ%3D%3D,4.9,139,ChIJqfI0aOprK4cRzVjM5VQllUU
Hansen Family Plumbing & Air,(602) 805-4836,"535 W Iron Ave #104, Mesa, AZ 85210, USA",https://hansenfamilyplumbing.com/?utm_source=google_my_business,4.9,1411,ChIJbTe8jCkHK4cR70K7PKKg1u8
Heat Slayer HVAC Co.,(480) 673-3693,,http://heatslayerhvacco.com/,4.9,163,ChIJMZC1nocIg48R_Z85M8uuxLc
Luxury Air Conditioning & Plumbing,(602) 326-1065,"16602 N 23rd Ave Suite 102, Phoenix, AZ 85023, USA",https://www.luxuryairconditioning.com/,4.8,86,ChIJlTJU8IlvK4cRoRR-_WUkmuo
Adams Refrigeration,(602) 269-6447,"1824 N 35th Ave, Phoenix, AZ 85009, USA",https://adamsrefrig.com/phoenix/?utm_source=google&utm_medium=organic&utm_campaign=PhoenixGBP,4.6,144,ChIJ329oZYQTK4cRdVLG_Pleb0I
Your Scottsdale HVAC,(480) 637-7411,,http://www.yourscottsdalehvac.com/,5.0,31,ChIJc3sKwxmfK4cRM0b55hstWOA
Phoenix HVAC Air Conditioning,(928) 433-0801,"101 W Portland St, Phoenix, AZ 85003, USA",,4.9,38,ChIJBd9LzeU-K4cR7c0UlAI1JW8
